{"products":[{"id":"0.7723361442854835","qty":1}],"totalPrice":4.990000000000002}